t,x,y,z
0.000000000000000000e+00,0.000000000000000000e+00,0.000000000000000000e+00,9.744854159469742982e-02
2.083333333333333218e-02,0.000000000000000000e+00,0.000000000000000000e+00,9.636928311345367704e-02
4.166666666666666435e-02,0.000000000000000000e+00,0.000000000000000000e+00,1.005739574831463062e-01
6.250000000000000000e-02,0.000000000000000000e+00,0.000000000000000000e+00,1.100565376074962021e-01
8.333333333333332871e-02,0.000000000000000000e+00,0.000000000000000000e+00,1.248088499721265870e-01
1.041666666666666713e-01,0.000000000000000000e+00,0.000000000000000000e+00,1.448205150830037258e-01
1.250000000000000000e-01,0.000000000000000000e+00,0.000000000000000000e+00,1.700789646342799888e-01
1.458333333333333426e-01,0.000000000000000000e+00,0.000000000000000000e+00,2.005694622907915337e-01
1.666666666666666574e-01,0.000000000000000000e+00,0.000000000000000000e+00,2.352716726444070150e-01
1.875000000000000000e-01,0.000000000000000000e+00,0.000000000000000000e+00,2.722691870905287748e-01
2.083333333333333426e-01,0.000000000000000000e+00,0.000000000000000000e+00,3.099469819261190251e-01
2.291666666666666574e-01,0.000000000000000000e+00,0.000000000000000000e+00,3.472899313411372813e-01
2.500000000000000000e-01,0.000000000000000000e+00,0.000000000000000000e+00,3.836763888787167454e-01
2.708333333333333148e-01,0.000000000000000000e+00,0.000000000000000000e+00,4.187406742722974973e-01
2.916666666666666852e-01,0.000000000000000000e+00,0.000000000000000000e+00,4.522828018985274867e-01
3.125000000000000000e-01,0.000000000000000000e+00,0.000000000000000000e+00,4.842093121211282769e-01
3.333333333333333148e-01,0.000000000000000000e+00,0.000000000000000000e+00,5.144945437590197068e-01
3.541666666666666852e-01,0.000000000000000000e+00,0.000000000000000000e+00,5.431553260899375513e-01
3.750000000000000000e-01,0.000000000000000000e+00,0.000000000000000000e+00,5.702344747515969425e-01
3.958333333333333148e-01,0.000000000000000000e+00,0.000000000000000000e+00,5.957900606917597708e-01
4.166666666666666852e-01,0.000000000000000000e+00,0.000000000000000000e+00,6.198884630924842432e-01
4.375000000000000000e-01,0.000000000000000000e+00,0.000000000000000000e+00,6.425999012210164008e-01
4.583333333333333148e-01,0.000000000000000000e+00,0.000000000000000000e+00,6.639955890231652447e-01
4.791666666666666852e-01,0.000000000000000000e+00,0.000000000000000000e+00,6.841459507510603277e-01
5.000000000000000000e-01,0.000000000000000000e+00,0.000000000000000000e+00,7.031195291037151129e-01
5.208333333333333703e-01,0.000000000000000000e+00,0.000000000000000000e+00,7.209823441101405050e-01
5.416666666666666297e-01,0.000000000000000000e+00,0.000000000000000000e+00,7.377975441628540354e-01
5.625000000000000000e-01,0.000000000000000000e+00,0.000000000000000000e+00,7.536252452055668405e-01
5.833333333333333703e-01,0.000000000000000000e+00,0.000000000000000000e+00,7.685224899220469696e-01
6.041666666666666297e-01,0.000000000000000000e+00,0.000000000000000000e+00,7.825432823094109480e-01
6.250000000000000000e-01,0.000000000000000000e+00,0.000000000000000000e+00,7.957386684762204343e-01
6.458333333333333703e-01,0.000000000000000000e+00,0.000000000000000000e+00,8.081568446575806419e-01
6.666666666666666297e-01,0.000000000000000000e+00,0.000000000000000000e+00,8.198432801063970654e-01
6.875000000000000000e-01,0.000000000000000000e+00,0.000000000000000000e+00,8.308408468971791860e-01
7.083333333333333703e-01,0.000000000000000000e+00,0.000000000000000000e+00,8.411899515511710446e-01
7.291666666666666297e-01,0.000000000000000000e+00,0.000000000000000000e+00,8.509286652747332091e-01
7.500000000000000000e-01,0.000000000000000000e+00,0.000000000000000000e+00,8.600928508356608937e-01
7.708333333333333703e-01,0.000000000000000000e+00,0.000000000000000000e+00,8.687162849072110893e-01
7.916666666666666297e-01,0.000000000000000000e+00,0.000000000000000000e+00,8.768307752334991712e-01
8.125000000000000000e-01,0.000000000000000000e+00,0.000000000000000000e+00,8.844662723089449230e-01
8.333333333333333703e-01,0.000000000000000000e+00,0.000000000000000000e+00,8.916509754819642586e-01
8.541666666666666297e-01,0.000000000000000000e+00,0.000000000000000000e+00,8.984114335308396315e-01
8.750000000000000000e-01,0.000000000000000000e+00,0.000000000000000000e+00,9.047726398450988139e-01
8.958333333333333703e-01,0.000000000000000000e+00,0.000000000000000000e+00,9.107581223968633788e-01
9.166666666666666297e-01,0.000000000000000000e+00,0.000000000000000000e+00,9.163900287153980972e-01
9.375000000000000000e-01,0.000000000000000000e+00,0.000000000000000000e+00,9.216892060923297381e-01
9.583333333333333703e-01,0.000000000000000000e+00,0.000000000000000000e+00,9.266752772498667579e-01
9.791666666666666297e-01,0.000000000000000000e+00,0.000000000000000000e+00,9.313667117032407017e-01
1.000000000000000000e+00,0.000000000000000000e+00,0.000000000000000000e+00,9.357808930437243600e-01
1.020833333333333259e+00,0.000000000000000000e+00,0.000000000000000000e+00,9.399341823614446589e-01
1.041666666666666741e+00,0.000000000000000000e+00,0.000000000000000000e+00,9.438419780187448094e-01
1.062500000000000000e+00,0.000000000000000000e+00,0.000000000000000000e+00,9.475187719756984484e-01
1.083333333333333259e+00,0.000000000000000000e+00,0.000000000000000000e+00,9.509782028599449433e-01
1.104166666666666741e+00,0.000000000000000000e+00,0.000000000000000000e+00,9.542331059635590362e-01
1.125000000000000000e+00,0.000000000000000000e+00,0.000000000000000000e+00,9.572955603403627833e-01
1.145833333333333259e+00,0.000000000000000000e+00,0.000000000000000000e+00,9.601769331680281017e-01
1.166666666666666741e+00,0.000000000000000000e+00,0.000000000000000000e+00,9.628879215305854444e-01
1.187500000000000000e+00,0.000000000000000000e+00,0.000000000000000000e+00,9.654385917685576191e-01
1.208333333333333259e+00,0.000000000000000000e+00,0.000000000000000000e+00,9.678384165359157354e-01
1.229166666666666741e+00,0.000000000000000000e+00,0.000000000000000000e+00,9.700963096954073883e-01
1.250000000000000000e+00,0.000000000000000000e+00,0.000000000000000000e+00,9.722206591765220063e-01
1.270833333333333259e+00,0.000000000000000000e+00,0.000000000000000000e+00,9.742193579134436066e-01
1.291666666666666741e+00,0.000000000000000000e+00,0.000000000000000000e+00,9.760998329737794466e-01
1.312500000000000000e+00,0.000000000000000000e+00,0.000000000000000000e+00,9.778690729826230443e-01
1.333333333333333259e+00,0.000000000000000000e+00,0.000000000000000000e+00,9.795336539406220844e-01
1.354166666666666741e+00,0.000000000000000000e+00,0.000000000000000000e+00,9.810997635291331953e-01
1.375000000000000000e+00,0.000000000000000000e+00,0.000000000000000000e+00,9.825732239902656984e-01
1.395833333333333259e+00,0.000000000000000000e+00,0.000000000000000000e+00,9.839595136646224205e-01
1.416666666666666741e+00,0.000000000000000000e+00,0.000000000000000000e+00,9.852637872648172257e-01
1.437500000000000000e+00,0.000000000000000000e+00,0.000000000000000000e+00,9.864908949583871545e-01
1.458333333333333259e+00,0.000000000000000000e+00,0.000000000000000000e+00,9.876454003294976580e-01
1.479166666666666741e+00,0.000000000000000000e+00,0.000000000000000000e+00,9.887315972848541579e-01
1.500000000000000000e+00,0.000000000000000000e+00,0.000000000000000000e+00,9.897535259654712814e-01
1.520833333333333259e+00,0.000000000000000000e+00,0.000000000000000000e+00,9.907149877223961898e-01
1.541666666666666741e+00,0.000000000000000000e+00,0.000000000000000000e+00,9.916195592111302082e-01
1.562500000000000000e+00,0.000000000000000000e+00,0.000000000000000000e+00,9.924706056563294965e-01
1.583333333333333259e+00,0.000000000000000000e+00,0.000000000000000000e+00,9.932712933353764484e-01
1.604166666666666741e+00,0.000000000000000000e+00,0.000000000000000000e+00,9.940246013265980896e-01
1.625000000000000000e+00,0.000000000000000000e+00,0.000000000000000000e+00,9.947333325652515379e-01
1.645833333333333259e+00,0.000000000000000000e+00,0.000000000000000000e+00,9.954001242478901501e-01
1.666666666666666741e+00,0.000000000000000000e+00,0.000000000000000000e+00,9.960274576233589805e-01
1.687500000000000000e+00,0.000000000000000000e+00,0.000000000000000000e+00,9.966176672064454012e-01
1.708333333333333259e+00,0.000000000000000000e+00,0.000000000000000000e+00,9.971729494481061939e-01
1.729166666666666741e+00,0.000000000000000000e+00,0.000000000000000000e+00,9.976953708942156718e-01
1.750000000000000000e+00,0.000000000000000000e+00,0.000000000000000000e+00,9.981868758629136584e-01
1.770833333333333259e+00,0.000000000000000000e+00,0.000000000000000000e+00,9.986492936688726729e-01
1.791666666666666741e+00,0.000000000000000000e+00,0.000000000000000000e+00,9.990843454211502106e-01
1.812500000000000000e+00,0.000000000000000000e+00,0.000000000000000000e+00,9.994936504197274862e-01
1.833333333333333259e+00,0.000000000000000000e+00,0.000000000000000000e+00,9.998787321743702883e-01
1.854166666666666741e+00,0.000000000000000000e+00,0.000000000000000000e+00,1.000241024068057483e+00
1.875000000000000000e+00,0.000000000000000000e+00,0.000000000000000000e+00,1.000581872264923788e+00
1.895833333333333259e+00,0.000000000000000000e+00,0.000000000000000000e+00,1.000902539073160735e+00
1.916666666666666741e+00,0.000000000000000000e+00,0.000000000000000000e+00,1.001204208869152845e+00
1.937500000000000000e+00,0.000000000000000000e+00,0.000000000000000000e+00,1.001487994135368931e+00
1.958333333333333259e+00,0.000000000000000000e+00,0.000000000000000000e+00,1.001754940637199276e+00
1.979166666666666741e+00,0.000000000000000000e+00,0.000000000000000000e+00,1.002006031961915289e+00
2.000000000000000000e+00,0.000000000000000000e+00,0.000000000000000000e+00,1.002242193571161399e+00
2.020833333333333481e+00,0.000000000000000000e+00,0.000000000000000000e+00,1.002464296470784610e+00
2.041666666666666519e+00,0.000000000000000000e+00,0.000000000000000000e+00,1.002673160570115130e+00
2.062500000000000000e+00,0.000000000000000000e+00,0.000000000000000000e+00,1.002869557781699283e+00
2.083333333333333481e+00,0.000000000000000000e+00,0.000000000000000000e+00,1.003054214898327245e+00
2.104166666666666519e+00,0.000000000000000000e+00,0.000000000000000000e+00,1.003227816274678386e+00
2.125000000000000000e+00,0.000000000000000000e+00,0.000000000000000000e+00,1.003391006334431790e+00
2.145833333333333481e+00,0.000000000000000000e+00,0.000000000000000000e+00,1.003544391919263035e+00
2.166666666666666519e+00,0.000000000000000000e+00,0.000000000000000000e+00,1.003688544493058554e+00
2.187500000000000000e+00,0.000000000000000000e+00,0.000000000000000000e+00,1.003824002212507338e+00
2.208333333333333481e+00,0.000000000000000000e+00,0.000000000000000000e+00,1.003951271873644524e+00
2.229166666666666519e+00,0.000000000000000000e+00,0.000000000000000000e+00,1.004070830742756604e+00
2.250000000000000000e+00,0.000000000000000000e+00,0.000000000000000000e+00,1.004183128279164228e+00
2.270833333333333481e+00,0.000000000000000000e+00,0.000000000000000000e+00,1.004288587756691387e+00
2.291666666666666519e+00,0.000000000000000000e+00,0.000000000000000000e+00,1.004387607790060644e+00
2.312500000000000000e+00,0.000000000000000000e+00,0.000000000000000000e+00,1.004480563771973367e+00
2.333333333333333481e+00,0.000000000000000000e+00,0.000000000000000000e+00,1.004567809226222463e+00
2.354166666666666519e+00,0.000000000000000000e+00,0.000000000000000000e+00,1.004649677081821180e+00
2.375000000000000000e+00,0.000000000000000000e+00,0.000000000000000000e+00,1.004726480872813577e+00
2.395833333333333481e+00,0.000000000000000000e+00,0.000000000000000000e+00,1.004798515868133402e+00
2.416666666666666519e+00,0.000000000000000000e+00,0.000000000000000000e+00,1.004866060135608974e+00
2.437500000000000000e+00,0.000000000000000000e+00,0.000000000000000000e+00,1.004929375543971881e+00
2.458333333333333481e+00,0.000000000000000000e+00,0.000000000000000000e+00,1.004988708706486378e+00
2.479166666666666519e+00,0.000000000000000000e+00,0.000000000000000000e+00,1.005044291869606976e+00
2.500000000000000000e+00,0.000000000000000000e+00,0.000000000000000000e+00,1.005096343749871224e+00
2.520833333333333481e+00,0.000000000000000000e+00,0.000000000000000000e+00,1.005145070322044365e+00
2.541666666666666519e+00,0.000000000000000000e+00,0.000000000000000000e+00,1.005190665561355390e+00
2.562500000000000000e+00,0.000000000000000000e+00,0.000000000000000000e+00,1.005233312142501889e+00
2.583333333333333481e+00,0.000000000000000000e+00,0.000000000000000000e+00,1.005273182097938145e+00
2.604166666666666519e+00,0.000000000000000000e+00,0.000000000000000000e+00,1.005310437437820781e+00
2.625000000000000000e+00,0.000000000000000000e+00,0.000000000000000000e+00,1.005345230733844186e+00
2.645833333333333481e+00,0.000000000000000000e+00,0.000000000000000000e+00,1.005377705669069366e+00
2.666666666666666519e+00,0.000000000000000000e+00,0.000000000000000000e+00,1.005407997555725075e+00
2.687500000000000000e+00,0.000000000000000000e+00,0.000000000000000000e+00,1.005436233822848857e+00
2.708333333333333481e+00,0.000000000000000000e+00,0.000000000000000000e+00,1.005462534475522363e+00
2.729166666666666519e+00,0.000000000000000000e+00,0.000000000000000000e+00,1.005487012527356505e+00
2.750000000000000000e+00,0.000000000000000000e+00,0.000000000000000000e+00,1.005509774407785439e+00
2.770833333333333481e+00,0.000000000000000000e+00,0.000000000000000000e+00,1.005530920345632406e+00
2.791666666666666519e+00,0.000000000000000000e+00,0.000000000000000000e+00,1.005550544730335449e+00
2.812500000000000000e+00,0.000000000000000000e+00,0.000000000000000000e+00,1.005568736452128409e+00
2.833333333333333481e+00,0.000000000000000000e+00,0.000000000000000000e+00,1.005585579222407100e+00
2.854166666666666519e+00,0.000000000000000000e+00,0.000000000000000000e+00,1.005601151875432642e+00
2.875000000000000000e+00,0.000000000000000000e+00,0.000000000000000000e+00,1.005615528652459290e+00
2.895833333333333481e+00,0.000000000000000000e+00,0.000000000000000000e+00,1.005628779469311729e+00
2.916666666666666519e+00,0.000000000000000000e+00,0.000000000000000000e+00,1.005640970168373061e+00
2.937500000000000000e+00,0.000000000000000000e+00,0.000000000000000000e+00,1.005652162755894308e+00
2.958333333333333481e+00,0.000000000000000000e+00,0.000000000000000000e+00,1.005662415625481199e+00
2.979166666666666519e+00,0.000000000000000000e+00,0.000000000000000000e+00,1.005671783768558036e+00
3.000000000000000000e+00,0.000000000000000000e+00,0.000000000000000000e+00,1.005680318972573595e+00
3.020833333333333481e+00,0.000000000000000000e+00,0.000000000000000000e+00,1.005688070007659363e+00
3.041666666666666519e+00,0.000000000000000000e+00,0.000000000000000000e+00,1.005695082802415152e+00
3.062500000000000000e+00,0.000000000000000000e+00,0.000000000000000000e+00,1.005701400609450458e+00
3.083333333333333481e+00,0.000000000000000000e+00,0.000000000000000000e+00,1.005707064161287079e+00
3.104166666666666519e+00,0.000000000000000000e+00,0.000000000000000000e+00,1.005712111817174348e+00
3.125000000000000000e+00,0.000000000000000000e+00,0.000000000000000000e+00,1.005716579701355196e+00
3.145833333333333481e+00,0.000000000000000000e+00,0.000000000000000000e+00,1.005720501833275105e+00
3.166666666666666519e+00,0.000000000000000000e+00,0.000000000000000000e+00,1.005723910250205577e+00
3.187500000000000000e+00,0.000000000000000000e+00,0.000000000000000000e+00,1.005726835122724649e+00
3.208333333333333481e+00,0.000000000000000000e+00,0.000000000000000000e+00,1.005729304863468565e+00
3.229166666666666519e+00,0.000000000000000000e+00,0.000000000000000000e+00,1.005731346229549183e+00
3.250000000000000000e+00,0.000000000000000000e+00,0.000000000000000000e+00,1.005732984419004605e+00
3.270833333333333481e+00,0.000000000000000000e+00,0.000000000000000000e+00,1.005734243161628738e+00
3.291666666666666519e+00,0.000000000000000000e+00,0.000000000000000000e+00,1.005735144804512204e+00
3.312500000000000000e+00,0.000000000000000000e+00,0.000000000000000000e+00,1.005735710392596793e+00
3.333333333333333481e+00,0.000000000000000000e+00,0.000000000000000000e+00,1.005735959744540109e+00
3.354166666666666519e+00,0.000000000000000000e+00,0.000000000000000000e+00,1.005735911524157311e+00
3.375000000000000000e+00,0.000000000000000000e+00,0.000000000000000000e+00,1.005735583307705738e+00
3.395833333333333481e+00,0.000000000000000000e+00,0.000000000000000000e+00,1.005734991647251997e+00
3.416666666666666519e+00,0.000000000000000000e+00,0.000000000000000000e+00,1.005734152130338011e+00
3.437500000000000000e+00,0.000000000000000000e+00,0.000000000000000000e+00,1.005733079436171629e+00
3.458333333333333481e+00,0.000000000000000000e+00,0.000000000000000000e+00,1.005731787388542742e+00
3.479166666666666519e+00,0.000000000000000000e+00,0.000000000000000000e+00,1.005730289005659861e+00
3.500000000000000000e+00,0.000000000000000000e+00,0.000000000000000000e+00,1.005728596547081688e+00
3.520833333333333481e+00,0.000000000000000000e+00,0.000000000000000000e+00,1.005726721557916647e+00
3.541666666666666519e+00,0.000000000000000000e+00,0.000000000000000000e+00,1.005724674910446925e+00
3.562500000000000000e+00,0.000000000000000000e+00,0.000000000000000000e+00,1.005722466843327334e+00
3.583333333333333481e+00,0.000000000000000000e+00,0.000000000000000000e+00,1.005720106998501784e+00
3.604166666666666519e+00,0.000000000000000000e+00,0.000000000000000000e+00,1.005717604455967029e+00
3.625000000000000000e+00,0.000000000000000000e+00,0.000000000000000000e+00,1.005714967766512924e+00
3.645833333333333481e+00,0.000000000000000000e+00,0.000000000000000000e+00,1.005712204982554203e+00
3.666666666666666519e+00,0.000000000000000000e+00,0.000000000000000000e+00,1.005709323687166590e+00
3.687500000000000000e+00,0.000000000000000000e+00,0.000000000000000000e+00,1.005706331021431144e+00
3.708333333333333481e+00,0.000000000000000000e+00,0.000000000000000000e+00,1.005703233710184774e+00
3.729166666666666519e+00,0.000000000000000000e+00,0.000000000000000000e+00,1.005700038086271286e+00
3.750000000000000000e+00,0.000000000000000000e+00,0.000000000000000000e+00,1.005696750113379556e+00
3.770833333333333481e+00,0.000000000000000000e+00,0.000000000000000000e+00,1.005693375407551882e+00
3.791666666666666519e+00,0.000000000000000000e+00,0.000000000000000000e+00,1.005689919257435117e+00
3.812500000000000000e+00,0.000000000000000000e+00,0.000000000000000000e+00,1.005686386643358743e+00
3.833333333333333481e+00,0.000000000000000000e+00,0.000000000000000000e+00,1.005682782255296059e+00
3.854166666666666519e+00,0.000000000000000000e+00,0.000000000000000000e+00,1.005679110509780871e+00
3.875000000000000000e+00,0.000000000000000000e+00,0.000000000000000000e+00,1.005675375565838525e+00
3.895833333333333481e+00,0.000000000000000000e+00,0.000000000000000000e+00,1.005671581339988352e+00
3.916666666666666519e+00,0.000000000000000000e+00,0.000000000000000000e+00,1.005667731520373032e+00
3.937500000000000000e+00,0.000000000000000000e+00,0.000000000000000000e+00,1.005663829580063506e+00
3.958333333333333481e+00,0.000000000000000000e+00,0.000000000000000000e+00,1.005659878789589845e+00
3.979166666666666519e+00,0.000000000000000000e+00,0.000000000000000000e+00,1.005655882228740694e+00
4.000000000000000000e+00,0.000000000000000000e+00,0.000000000000000000e+00,1.005651842797677498e+00
4.020833333333333037e+00,0.000000000000000000e+00,0.000000000000000000e+00,1.005647763227398572e+00
4.041666666666666963e+00,0.000000000000000000e+00,0.000000000000000000e+00,1.005643646089596110e+00
4.062500000000000000e+00,0.000000000000000000e+00,0.000000000000000000e+00,1.005639493805936313e+00
4.083333333333333037e+00,0.000000000000000000e+00,0.000000000000000000e+00,1.005635308656800619e+00
4.104166666666666963e+00,0.000000000000000000e+00,0.000000000000000000e+00,1.005631092789517789e+00
4.125000000000000000e+00,0.000000000000000000e+00,0.000000000000000000e+00,1.005626848226115033e+00
4.145833333333333037e+00,0.000000000000000000e+00,0.000000000000000000e+00,1.005622576870618623e+00
4.166666666666666963e+00,0.000000000000000000e+00,0.000000000000000000e+00,1.005618280515928387e+00
4.187500000000000000e+00,0.000000000000000000e+00,0.000000000000000000e+00,1.005613960850293420e+00
4.208333333333333037e+00,0.000000000000000000e+00,0.000000000000000000e+00,1.005609619463407656e+00
4.229166666666666963e+00,0.000000000000000000e+00,0.000000000000000000e+00,1.005605257852153267e+00
4.250000000000000000e+00,0.000000000000000000e+00,0.000000000000000000e+00,1.005600877426007234e+00
4.270833333333333037e+00,0.000000000000000000e+00,0.000000000000000000e+00,1.005596479512134156e+00
4.291666666666666963e+00,0.000000000000000000e+00,0.000000000000000000e+00,1.005592065360181753e+00
4.312500000000000000e+00,0.000000000000000000e+00,0.000000000000000000e+00,1.005587636146797470e+00
4.333333333333333037e+00,0.000000000000000000e+00,0.000000000000000000e+00,1.005583192979881302e+00
4.354166666666666963e+00,0.000000000000000000e+00,0.000000000000000000e+00,1.005578736902591697e+00
4.375000000000000000e+00,0.000000000000000000e+00,0.000000000000000000e+00,1.005574268897116985e+00
4.395833333333333037e+00,0.000000000000000000e+00,0.000000000000000000e+00,1.005569789888228316e+00
4.416666666666666963e+00,0.000000000000000000e+00,0.000000000000000000e+00,1.005565300746624535e+00
4.437500000000000000e+00,0.000000000000000000e+00,0.000000000000000000e+00,1.005560802292083444e+00
4.458333333333333037e+00,0.000000000000000000e+00,0.000000000000000000e+00,1.005556295296426983e+00
4.479166666666666963e+00,0.000000000000000000e+00,0.000000000000000000e+00,1.005551780486316993e+00
4.500000000000000000e+00,0.000000000000000000e+00,0.000000000000000000e+00,1.005547258545885780e+00
4.520833333333333037e+00,0.000000000000000000e+00,0.000000000000000000e+00,1.005542730119213912e+00
4.541666666666666963e+00,0.000000000000000000e+00,0.000000000000000000e+00,1.005538195812664126e+00
4.562500000000000000e+00,0.000000000000000000e+00,0.000000000000000000e+00,1.005533656197078685e+00
4.583333333333333037e+00,0.000000000000000000e+00,0.000000000000000000e+00,1.005529111809849274e+00
4.604166666666666963e+00,0.000000000000000000e+00,0.000000000000000000e+00,1.005524563156865669e+00
4.625000000000000000e+00,0.000000000000000000e+00,0.000000000000000000e+00,1.005520010714351820e+00
4.645833333333333037e+00,0.000000000000000000e+00,0.000000000000000000e+00,1.005515454930593133e+00
4.666666666666666963e+00,0.000000000000000000e+00,0.000000000000000000e+00,1.005510896227565620e+00
4.687500000000000000e+00,0.000000000000000000e+00,0.000000000000000000e+00,1.005506335002468221e+00
4.708333333333333037e+00,0.000000000000000000e+00,0.000000000000000000e+00,1.005501771629166763e+00
4.729166666666666963e+00,0.000000000000000000e+00,0.000000000000000000e+00,1.005497206459553539e+00
4.750000000000000000e+00,0.000000000000000000e+00,0.000000000000000000e+00,1.005492639824827394e+00
4.770833333333333037e+00,0.000000000000000000e+00,0.000000000000000000e+00,1.005488072036699654e+00
4.791666666666666963e+00,0.000000000000000000e+00,0.000000000000000000e+00,1.005483503388529209e+00
4.812500000000000000e+00,0.000000000000000000e+00,0.000000000000000000e+00,1.005478934156393445e+00
4.833333333333333037e+00,0.000000000000000000e+00,0.000000000000000000e+00,1.005474364600092763e+00
4.854166666666666963e+00,0.000000000000000000e+00,0.000000000000000000e+00,1.005469794964101160e+00
4.875000000000000000e+00,0.000000000000000000e+00,0.000000000000000000e+00,1.005465225478458180e+00
4.895833333333333037e+00,0.000000000000000000e+00,0.000000000000000000e+00,1.005460656359610905e+00
4.916666666666666963e+00,0.000000000000000000e+00,0.000000000000000000e+00,1.005456087811204435e+00
4.937500000000000000e+00,0.000000000000000000e+00,0.000000000000000000e+00,1.005451520024830403e+00
4.958333333333333037e+00,0.000000000000000000e+00,0.000000000000000000e+00,1.005446953180726632e+00
4.979166666666666963e+00,0.000000000000000000e+00,0.000000000000000000e+00,1.005442387448440833e+00
5.000000000000000000e+00,0.000000000000000000e+00,0.000000000000000000e+00,1.005437822987452545e+00
5.020833333333333037e+00,0.000000000000000000e+00,0.000000000000000000e+00,1.005433259947760449e+00
5.041666666666666963e+00,0.000000000000000000e+00,0.000000000000000000e+00,1.005428698470434146e+00
5.062500000000000000e+00,0.000000000000000000e+00,0.000000000000000000e+00,1.005424138688135294e+00
5.083333333333333037e+00,0.000000000000000000e+00,0.000000000000000000e+00,1.005419580725607220e+00
5.104166666666666963e+00,0.000000000000000000e+00,0.000000000000000000e+00,1.005415024700136106e+00
5.125000000000000000e+00,0.000000000000000000e+00,0.000000000000000000e+00,1.005410470721986860e+00
5.145833333333333037e+00,0.000000000000000000e+00,0.000000000000000000e+00,1.005405918894810791e+00
5.166666666666666963e+00,0.000000000000000000e+00,0.000000000000000000e+00,1.005401369316031746e+00
5.187500000000000000e+00,0.000000000000000000e+00,0.000000000000000000e+00,1.005396822077208929e+00
5.208333333333333037e+00,0.000000000000000000e+00,0.000000000000000000e+00,1.005392277264380185e+00
5.229166666666666963e+00,0.000000000000000000e+00,0.000000000000000000e+00,1.005387734958380852e+00
5.250000000000000000e+00,0.000000000000000000e+00,0.000000000000000000e+00,1.005383195235149518e+00
5.270833333333333037e+00,0.000000000000000000e+00,0.000000000000000000e+00,1.005378658166012906e+00
5.291666666666666963e+00,0.000000000000000000e+00,0.000000000000000000e+00,1.005374123817953880e+00
5.312500000000000000e+00,0.000000000000000000e+00,0.000000000000000000e+00,1.005369592253865463e+00
5.333333333333333037e+00,0.000000000000000000e+00,0.000000000000000000e+00,1.005365063532789316e+00
5.354166666666666963e+00,0.000000000000000000e+00,0.000000000000000000e+00,1.005360537710139779e+00
5.375000000000000000e+00,0.000000000000000000e+00,0.000000000000000000e+00,1.005356014837915923e+00
5.395833333333333037e+00,0.000000000000000000e+00,0.000000000000000000e+00,1.005351494964900505e+00
5.416666666666666963e+00,0.000000000000000000e+00,0.000000000000000000e+00,1.005346978136846925e+00
5.437500000000000000e+00,0.000000000000000000e+00,0.000000000000000000e+00,1.005342464396656643e+00
5.458333333333333037e+00,0.000000000000000000e+00,0.000000000000000000e+00,1.005337953784544824e+00
5.479166666666666963e+00,0.000000000000000000e+00,0.000000000000000000e+00,1.005333446338197989e+00
5.500000000000000000e+00,0.000000000000000000e+00,0.000000000000000000e+00,1.005328942092920563e+00
5.520833333333333037e+00,0.000000000000000000e+00,0.000000000000000000e+00,1.005324441081774101e+00
5.541666666666666963e+00,0.000000000000000000e+00,0.000000000000000000e+00,1.005319943335708288e+00
5.562500000000000000e+00,0.000000000000000000e+00,0.000000000000000000e+00,1.005315448883683738e+00
5.583333333333333037e+00,0.000000000000000000e+00,0.000000000000000000e+00,1.005310957752788337e+00
5.604166666666666963e+00,0.000000000000000000e+00,0.000000000000000000e+00,1.005306469968346939e+00
5.625000000000000000e+00,0.000000000000000000e+00,0.000000000000000000e+00,1.005301985554023059e+00
5.645833333333333037e+00,0.000000000000000000e+00,0.000000000000000000e+00,1.005297504531917019e+00
5.666666666666666963e+00,0.000000000000000000e+00,0.000000000000000000e+00,1.005293026922656541e+00
5.687500000000000000e+00,0.000000000000000000e+00,0.000000000000000000e+00,1.005288552745482678e+00
5.708333333333333037e+00,0.000000000000000000e+00,0.000000000000000000e+00,1.005284082018331082e+00
5.729166666666666963e+00,0.000000000000000000e+00,0.000000000000000000e+00,1.005279614757908169e+00
5.750000000000000000e+00,0.000000000000000000e+00,0.000000000000000000e+00,1.005275150979762167e+00
5.770833333333333037e+00,0.000000000000000000e+00,0.000000000000000000e+00,1.005270690698352176e+00
5.791666666666666963e+00,0.000000000000000000e+00,0.000000000000000000e+00,1.005266233927110342e+00
5.812500000000000000e+00,0.000000000000000000e+00,0.000000000000000000e+00,1.005261780678502248e+00
5.833333333333333037e+00,0.000000000000000000e+00,0.000000000000000000e+00,1.005257330964084650e+00
5.854166666666666963e+00,0.000000000000000000e+00,0.000000000000000000e+00,1.005252884794556545e+00
5.875000000000000000e+00,0.000000000000000000e+00,0.000000000000000000e+00,1.005248442179810908e+00
5.895833333333333037e+00,0.000000000000000000e+00,0.000000000000000000e+00,1.005244003128980435e+00
5.916666666666666963e+00,0.000000000000000000e+00,0.000000000000000000e+00,1.005239567650483057e+00
5.937500000000000000e+00,0.000000000000000000e+00,0.000000000000000000e+00,1.005235135752063913e+00
5.958333333333333037e+00,0.000000000000000000e+00,0.000000000000000000e+00,1.005230707440833982e+00
5.979166666666666963e+00,0.000000000000000000e+00,0.000000000000000000e+00,1.005226282723306941e+00
6.000000000000000000e+00,0.000000000000000000e+00,0.000000000000000000e+00,1.005221861605434697e+00
6.020833333333333037e+00,0.000000000000000000e+00,0.000000000000000000e+00,1.005217444092640022e+00
6.041666666666666963e+00,0.000000000000000000e+00,0.000000000000000000e+00,1.005213030189848533e+00
6.062500000000000000e+00,0.000000000000000000e+00,0.000000000000000000e+00,1.005208619901515776e+00
6.083333333333333037e+00,0.000000000000000000e+00,0.000000000000000000e+00,1.005204213231656984e+00
6.104166666666666963e+00,0.000000000000000000e+00,0.000000000000000000e+00,1.005199810183871056e+00
6.125000000000000000e+00,0.000000000000000000e+00,0.000000000000000000e+00,1.005195410761366093e+00
6.145833333333333037e+00,0.000000000000000000e+00,0.000000000000000000e+00,1.005191014966981600e+00
6.166666666666666963e+00,0.000000000000000000e+00,0.000000000000000000e+00,1.005186622803211138e+00
6.187500000000000000e+00,0.000000000000000000e+00,0.000000000000000000e+00,1.005182234272221642e+00
6.208333333333333037e+00,0.000000000000000000e+00,0.000000000000000000e+00,1.005177849375872290e+00
6.229166666666666963e+00,0.000000000000000000e+00,0.000000000000000000e+00,1.005173468115734492e+00
6.250000000000000000e+00,0.000000000000000000e+00,0.000000000000000000e+00,1.005169090493106543e+00
6.270833333333333037e+00,0.000000000000000000e+00,0.000000000000000000e+00,1.005164716509031386e+00
6.291666666666666963e+00,0.000000000000000000e+00,0.000000000000000000e+00,1.005160346164310159e+00
6.312500000000000000e+00,0.000000000000000000e+00,0.000000000000000000e+00,1.005155979459518401e+00
6.333333333333333037e+00,0.000000000000000000e+00,0.000000000000000000e+00,1.005151616395016934e+00
6.354166666666666963e+00,0.000000000000000000e+00,0.000000000000000000e+00,1.005147256970966074e+00
6.375000000000000000e+00,0.000000000000000000e+00,0.000000000000000000e+00,1.005142901187337845e+00
6.395833333333333037e+00,0.000000000000000000e+00,0.000000000000000000e+00,1.005138549043925744e+00
6.416666666666666963e+00,0.000000000000000000e+00,0.000000000000000000e+00,1.005134200540356071e+00
6.437500000000000000e+00,0.000000000000000000e+00,0.000000000000000000e+00,1.005129855676097916e+00
6.458333333333333037e+00,0.000000000000000000e+00,0.000000000000000000e+00,1.005125514450472490e+00
6.479166666666666963e+00,0.000000000000000000e+00,0.000000000000000000e+00,1.005121176862660892e+00
6.500000000000000000e+00,0.000000000000000000e+00,0.000000000000000000e+00,1.005116842911713437e+00
6.520833333333333037e+00,0.000000000000000000e+00,0.000000000000000000e+00,1.005112512596557650e+00
6.541666666666666963e+00,0.000000000000000000e+00,0.000000000000000000e+00,1.005108185916004704e+00
6.562500000000000000e+00,0.000000000000000000e+00,0.000000000000000000e+00,1.005103862868756970e+00
6.583333333333333037e+00,0.000000000000000000e+00,0.000000000000000000e+00,1.005099543453413791e+00
6.604166666666666963e+00,0.000000000000000000e+00,0.000000000000000000e+00,1.005095227668479252e+00
6.625000000000000000e+00,0.000000000000000000e+00,0.000000000000000000e+00,1.005090915512365735e+00
6.645833333333333037e+00,0.000000000000000000e+00,0.000000000000000000e+00,1.005086606983401021e+00
6.666666666666666963e+00,0.000000000000000000e+00,0.000000000000000000e+00,1.005082302079832068e+00
6.687500000000000000e+00,0.000000000000000000e+00,0.000000000000000000e+00,1.005078000799831450e+00
6.708333333333333037e+00,0.000000000000000000e+00,0.000000000000000000e+00,1.005073703141500463e+00
6.729166666666666963e+00,0.000000000000000000e+00,0.000000000000000000e+00,1.005069409102874012e+00
6.750000000000000000e+00,0.000000000000000000e+00,0.000000000000000000e+00,1.005065118681924830e+00
6.770833333333333037e+00,0.000000000000000000e+00,0.000000000000000000e+00,1.005060831876566585e+00
6.791666666666666963e+00,0.000000000000000000e+00,0.000000000000000000e+00,1.005056548684658324e+00
6.812500000000000000e+00,0.000000000000000000e+00,0.000000000000000000e+00,1.005052269104006690e+00
6.833333333333333037e+00,0.000000000000000000e+00,0.000000000000000000e+00,1.005047993132370587e+00
6.854166666666666963e+00,0.000000000000000000e+00,0.000000000000000000e+00,1.005043720767462956e+00
6.875000000000000000e+00,0.000000000000000000e+00,0.000000000000000000e+00,1.005039452006953660e+00
6.895833333333333037e+00,0.000000000000000000e+00,0.000000000000000000e+00,1.005035186848472595e+00
6.916666666666666963e+00,0.000000000000000000e+00,0.000000000000000000e+00,1.005030925289612576e+00
6.937500000000000000e+00,0.000000000000000000e+00,0.000000000000000000e+00,1.005026667327930445e+00
6.958333333333333037e+00,0.000000000000000000e+00,0.000000000000000000e+00,1.005022412960949740e+00
6.979166666666666963e+00,0.000000000000000000e+00,0.000000000000000000e+00,1.005018162186163577e+00
7.000000000000000000e+00,0.000000000000000000e+00,0.000000000000000000e+00,1.005013915001035762e+00
7.020833333333333037e+00,0.000000000000000000e+00,0.000000000000000000e+00,1.005009671403003013e+00
7.041666666666666963e+00,0.000000000000000000e+00,0.000000000000000000e+00,1.005005431389476289e+00
7.062500000000000000e+00,0.000000000000000000e+00,0.000000000000000000e+00,1.005001194957843236e+00
7.083333333333333037e+00,0.000000000000000000e+00,0.000000000000000000e+00,1.004996962105468183e+00
7.104166666666666963e+00,0.000000000000000000e+00,0.000000000000000000e+00,1.004992732829695479e+00
7.125000000000000000e+00,0.000000000000000000e+00,0.000000000000000000e+00,1.004988507127849484e+00
7.145833333333333037e+00,0.000000000000000000e+00,0.000000000000000000e+00,1.004984284997236799e+00
7.166666666666666963e+00,0.000000000000000000e+00,0.000000000000000000e+00,1.004980066435146036e+00
7.187500000000000000e+00,0.000000000000000000e+00,0.000000000000000000e+00,1.004975851438851375e+00
7.208333333333333037e+00,0.000000000000000000e+00,0.000000000000000000e+00,1.004971640005611455e+00
7.229166666666666963e+00,0.000000000000000000e+00,0.000000000000000000e+00,1.004967432132670702e+00
7.250000000000000000e+00,0.000000000000000000e+00,0.000000000000000000e+00,1.004963227817260663e+00
7.270833333333333037e+00,0.000000000000000000e+00,0.000000000000000000e+00,1.004959027056602006e+00
7.291666666666666963e+00,0.000000000000000000e+00,0.000000000000000000e+00,1.004954829847903408e+00
7.312500000000000000e+00,0.000000000000000000e+00,0.000000000000000000e+00,1.004950636188363333e+00
7.333333333333333037e+00,0.000000000000000000e+00,0.000000000000000000e+00,1.004946446075171140e+00
7.354166666666666963e+00,0.000000000000000000e+00,0.000000000000000000e+00,1.004942259505506641e+00
7.375000000000000000e+00,0.000000000000000000e+00,0.000000000000000000e+00,1.004938076476541875e+00
7.395833333333333037e+00,0.000000000000000000e+00,0.000000000000000000e+00,1.004933896985441333e+00
7.416666666666666963e+00,0.000000000000000000e+00,0.000000000000000000e+00,1.004929721029362177e+00
7.437500000000000000e+00,0.000000000000000000e+00,0.000000000000000000e+00,1.004925548605455576e+00
7.458333333333333037e+00,0.000000000000000000e+00,0.000000000000000000e+00,1.004921379710866258e+00
7.479166666666666963e+00,0.000000000000000000e+00,0.000000000000000000e+00,1.004917214342733844e+00
7.500000000000000000e+00,0.000000000000000000e+00,0.000000000000000000e+00,1.004913052498193293e+00
7.520833333333333037e+00,0.000000000000000000e+00,0.000000000000000000e+00,1.004908894174374678e+00
7.541666666666666963e+00,0.000000000000000000e+00,0.000000000000000000e+00,1.004904739368403632e+00
7.562500000000000000e+00,0.000000000000000000e+00,0.000000000000000000e+00,1.004900588077402235e+00
7.583333333333333037e+00,0.000000000000000000e+00,0.000000000000000000e+00,1.004896440298489901e+00
7.604166666666666963e+00,0.000000000000000000e+00,0.000000000000000000e+00,1.004892296028782273e+00
7.625000000000000000e+00,0.000000000000000000e+00,0.000000000000000000e+00,1.004888155265392768e+00
7.645833333333333037e+00,0.000000000000000000e+00,0.000000000000000000e+00,1.004884018005431923e+00
7.666666666666666963e+00,0.000000000000000000e+00,0.000000000000000000e+00,1.004879884246008048e+00
7.687500000000000000e+00,0.000000000000000000e+00,0.000000000000000000e+00,1.004875753984227682e+00
7.708333333333333037e+00,0.000000000000000000e+00,0.000000000000000000e+00,1.004871627217196695e+00
7.729166666666666963e+00,0.000000000000000000e+00,0.000000000000000000e+00,1.004867503942018514e+00
7.750000000000000000e+00,0.000000000000000000e+00,0.000000000000000000e+00,1.004863384155795680e+00
7.770833333333333037e+00,0.000000000000000000e+00,0.000000000000000000e+00,1.004859267855630067e+00
7.791666666666666963e+00,0.000000000000000000e+00,0.000000000000000000e+00,1.004855155038622661e+00
7.812500000000000000e+00,0.000000000000000000e+00,0.000000000000000000e+00,1.004851045701873558e+00
7.833333333333333037e+00,0.000000000000000000e+00,0.000000000000000000e+00,1.004846939842483078e+00
7.854166666666666963e+00,0.000000000000000000e+00,0.000000000000000000e+00,1.004842837457551097e+00
7.875000000000000000e+00,0.000000000000000000e+00,0.000000000000000000e+00,1.004838738544177490e+00
7.895833333333333037e+00,0.000000000000000000e+00,0.000000000000000000e+00,1.004834643099461688e+00
7.916666666666666963e+00,0.000000000000000000e+00,0.000000000000000000e+00,1.004830551120504012e+00
7.937500000000000000e+00,0.000000000000000000e+00,0.000000000000000000e+00,1.004826462604405002e+00
7.958333333333333037e+00,0.000000000000000000e+00,0.000000000000000000e+00,1.004822377548265200e+00
7.979166666666666963e+00,0.000000000000000000e+00,0.000000000000000000e+00,1.004818295949186702e+00
