t,cmd_vx,vx,z
0.000000000000000000e+00,0.000000000000000000e+00,0.000000000000000000e+00,1.000000000000000000e+00
2.083333333333333218e-02,0.000000000000000000e+00,0.000000000000000000e+00,1.000000000000000000e+00
4.166666666666666435e-02,0.000000000000000000e+00,0.000000000000000000e+00,1.000000000000000000e+00
6.250000000000000000e-02,0.000000000000000000e+00,0.000000000000000000e+00,1.000000000000000000e+00
8.333333333333332871e-02,0.000000000000000000e+00,0.000000000000000000e+00,1.000000000000000000e+00
1.041666666666666713e-01,0.000000000000000000e+00,0.000000000000000000e+00,1.000000000000000000e+00
1.250000000000000000e-01,0.000000000000000000e+00,0.000000000000000000e+00,1.000000000000000000e+00
1.458333333333333426e-01,0.000000000000000000e+00,0.000000000000000000e+00,1.000000000000000000e+00
1.666666666666666574e-01,0.000000000000000000e+00,0.000000000000000000e+00,1.000000000000000000e+00
1.875000000000000000e-01,0.000000000000000000e+00,0.000000000000000000e+00,1.000000000000000000e+00
2.083333333333333426e-01,0.000000000000000000e+00,0.000000000000000000e+00,1.000000000000000000e+00
2.291666666666666574e-01,0.000000000000000000e+00,0.000000000000000000e+00,1.000000000000000000e+00
2.500000000000000000e-01,0.000000000000000000e+00,0.000000000000000000e+00,1.000000000000000000e+00
2.708333333333333148e-01,0.000000000000000000e+00,0.000000000000000000e+00,1.000000000000000000e+00
2.916666666666666852e-01,0.000000000000000000e+00,0.000000000000000000e+00,1.000000000000000000e+00
3.125000000000000000e-01,0.000000000000000000e+00,0.000000000000000000e+00,1.000000000000000000e+00
3.333333333333333148e-01,0.000000000000000000e+00,0.000000000000000000e+00,1.000000000000000000e+00
3.541666666666666852e-01,0.000000000000000000e+00,0.000000000000000000e+00,1.000000000000000000e+00
3.750000000000000000e-01,0.000000000000000000e+00,0.000000000000000000e+00,1.000000000000000000e+00
3.958333333333333148e-01,0.000000000000000000e+00,0.000000000000000000e+00,1.000000000000000000e+00
4.166666666666666852e-01,0.000000000000000000e+00,0.000000000000000000e+00,1.000000000000000000e+00
4.375000000000000000e-01,0.000000000000000000e+00,0.000000000000000000e+00,1.000000000000000000e+00
4.583333333333333148e-01,0.000000000000000000e+00,0.000000000000000000e+00,1.000000000000000000e+00
4.791666666666666852e-01,0.000000000000000000e+00,0.000000000000000000e+00,1.000000000000000000e+00
5.000000000000000000e-01,0.000000000000000000e+00,0.000000000000000000e+00,1.000000000000000000e+00
5.208333333333333703e-01,0.000000000000000000e+00,0.000000000000000000e+00,1.000000000000000000e+00
5.416666666666666297e-01,0.000000000000000000e+00,0.000000000000000000e+00,1.000000000000000000e+00
5.625000000000000000e-01,0.000000000000000000e+00,0.000000000000000000e+00,1.000000000000000000e+00
5.833333333333333703e-01,0.000000000000000000e+00,0.000000000000000000e+00,1.000000000000000000e+00
6.041666666666666297e-01,0.000000000000000000e+00,0.000000000000000000e+00,1.000000000000000000e+00
6.250000000000000000e-01,0.000000000000000000e+00,0.000000000000000000e+00,1.000000000000000000e+00
6.458333333333333703e-01,0.000000000000000000e+00,0.000000000000000000e+00,1.000000000000000000e+00
6.666666666666666297e-01,0.000000000000000000e+00,0.000000000000000000e+00,1.000000000000000000e+00
6.875000000000000000e-01,0.000000000000000000e+00,0.000000000000000000e+00,1.000000000000000000e+00
7.083333333333333703e-01,0.000000000000000000e+00,0.000000000000000000e+00,1.000000000000000000e+00
7.291666666666666297e-01,0.000000000000000000e+00,0.000000000000000000e+00,1.000000000000000000e+00
7.500000000000000000e-01,0.000000000000000000e+00,0.000000000000000000e+00,1.000000000000000000e+00
7.708333333333333703e-01,0.000000000000000000e+00,0.000000000000000000e+00,1.000000000000000000e+00
7.916666666666666297e-01,0.000000000000000000e+00,0.000000000000000000e+00,1.000000000000000000e+00
8.125000000000000000e-01,0.000000000000000000e+00,0.000000000000000000e+00,1.000000000000000000e+00
8.333333333333333703e-01,0.000000000000000000e+00,0.000000000000000000e+00,1.000000000000000000e+00
8.541666666666666297e-01,0.000000000000000000e+00,0.000000000000000000e+00,1.000000000000000000e+00
8.750000000000000000e-01,0.000000000000000000e+00,0.000000000000000000e+00,1.000000000000000000e+00
8.958333333333333703e-01,0.000000000000000000e+00,0.000000000000000000e+00,1.000000000000000000e+00
9.166666666666666297e-01,0.000000000000000000e+00,0.000000000000000000e+00,1.000000000000000000e+00
9.375000000000000000e-01,0.000000000000000000e+00,0.000000000000000000e+00,1.000000000000000000e+00
9.583333333333333703e-01,0.000000000000000000e+00,0.000000000000000000e+00,1.000000000000000000e+00
9.791666666666666297e-01,0.000000000000000000e+00,0.000000000000000000e+00,1.000000000000000000e+00
1.000000000000000000e+00,2.000000000000000111e-01,2.229401008445130008e-04,1.000002248045910758e+00
1.020833333333333259e+00,2.000000000000000111e-01,2.675977821548662823e-03,1.000010297580323559e+00
1.041666666666666741e+00,2.000000000000000111e-01,9.708615874271070770e-03,1.000029805357690371e+00
1.062500000000000000e+00,2.000000000000000111e-01,2.007543012447436659e-02,1.000062946201109249e+00
1.083333333333333259e+00,2.000000000000000111e-01,3.140193341088026724e-02,1.000105917223746310e+00
1.104166666666666741e+00,2.000000000000000111e-01,4.477683381235815496e-02,1.000151716350687003e+00
1.125000000000000000e+00,2.000000000000000111e-01,6.151983225236357794e-02,1.000196166418355181e+00
1.145833333333333259e+00,2.000000000000000111e-01,7.991467912037464316e-02,1.000235002743398605e+00
1.166666666666666741e+00,2.000000000000000111e-01,9.760830580574175741e-02,1.000265236971281224e+00
1.187500000000000000e+00,2.000000000000000111e-01,1.154336848451084918e-01,1.000283774599941999e+00
1.208333333333333259e+00,2.000000000000000111e-01,1.333821268980907582e-01,1.000290213225587754e+00
1.229166666666666741e+00,2.000000000000000111e-01,1.496209145438757437e-01,1.000287404162368388e+00
1.250000000000000000e+00,2.000000000000000111e-01,1.650060165235729404e-01,1.000275533015764662e+00
1.270833333333333259e+00,2.000000000000000111e-01,1.800528563164507934e-01,1.000256157699444648e+00
1.291666666666666741e+00,2.000000000000000111e-01,1.930353599614152982e-01,1.000231184797895079e+00
1.312500000000000000e+00,2.000000000000000111e-01,2.040628531832486547e-01,1.000205669006179576e+00
1.333333333333333259e+00,2.000000000000000111e-01,2.149554954674066098e-01,1.000181121273683749e+00
1.354166666666666741e+00,2.000000000000000111e-01,2.244931187889322444e-01,1.000156581500871500e+00
1.375000000000000000e+00,2.000000000000000111e-01,2.303465546961694366e-01,1.000135948352890436e+00
1.395833333333333259e+00,2.000000000000000111e-01,2.337456599901154564e-01,1.000122431524534949e+00
1.416666666666666741e+00,2.000000000000000111e-01,2.370356620018609639e-01,1.000114714134198168e+00
1.437500000000000000e+00,2.000000000000000111e-01,2.390603117278086442e-01,1.000109842359580892e+00
1.458333333333333259e+00,2.000000000000000111e-01,2.380381495054346430e-01,1.000108980867996156e+00
1.479166666666666741e+00,2.000000000000000111e-01,2.354438663519195230e-01,1.000112734081805232e+00
1.500000000000000000e+00,2.000000000000000111e-01,2.336211257111253381e-01,1.000119514087900674e+00
1.520833333333333259e+00,2.000000000000000111e-01,2.313624805545852481e-01,1.000127646506698165e+00
1.541666666666666741e+00,2.000000000000000111e-01,2.264896056571670535e-01,1.000136436770272752e+00
1.562500000000000000e+00,2.000000000000000111e-01,2.203048891263878206e-01,1.000144839859389290e+00
1.583333333333333259e+00,2.000000000000000111e-01,2.151672856756577379e-01,1.000152283267401465e+00
1.604166666666666741e+00,2.000000000000000111e-01,2.101801881466804633e-01,1.000157223412744933e+00
1.625000000000000000e+00,2.000000000000000111e-01,2.044074713189066583e-01,1.000160780370811908e+00
1.645833333333333259e+00,2.000000000000000111e-01,1.995038622082754287e-01,1.000162364153567962e+00
1.666666666666666741e+00,2.000000000000000111e-01,1.964679874981457575e-01,1.000164294383007135e+00
1.687500000000000000e+00,2.000000000000000111e-01,1.936621432686352895e-01,1.000166324692042918e+00
1.708333333333333259e+00,2.000000000000000111e-01,1.900546981190764373e-01,1.000168695018123666e+00
1.729166666666666741e+00,2.000000000000000111e-01,1.872980967997921742e-01,1.000170464170596407e+00
1.750000000000000000e+00,2.000000000000000111e-01,1.865020200285276986e-01,1.000173312836426298e+00
1.770833333333333259e+00,2.000000000000000111e-01,1.859860046308508819e-01,1.000177365537213259e+00
1.791666666666666741e+00,2.000000000000000111e-01,1.840559218459805746e-01,1.000182338704112439e+00
1.812500000000000000e+00,2.000000000000000111e-01,1.822222813285493681e-01,1.000188343569974547e+00
1.833333333333333259e+00,2.000000000000000111e-01,1.828209759041864446e-01,1.000195473536346302e+00
1.854166666666666741e+00,2.000000000000000111e-01,1.846210889955903767e-01,1.000203677470535402e+00
1.875000000000000000e+00,2.000000000000000111e-01,1.852830969920304938e-01,1.000212598829433031e+00
1.895833333333333259e+00,2.000000000000000111e-01,1.860343229164386769e-01,1.000221937496053037e+00
1.916666666666666741e+00,2.000000000000000111e-01,1.892103437152100887e-01,1.000231264375307072e+00
1.937500000000000000e+00,2.000000000000000111e-01,1.935801887519866538e-01,1.000239701223744948e+00
1.958333333333333259e+00,2.000000000000000111e-01,1.967943172015741982e-01,1.000247265693549270e+00
1.979166666666666741e+00,2.000000000000000111e-01,1.998203267535928473e-01,1.000252580700314864e+00
2.000000000000000000e+00,2.000000000000000111e-01,2.036599634044951590e-01,1.000256872206987557e+00
2.020833333333333481e+00,2.000000000000000111e-01,2.066753478948258893e-01,1.000259610283581235e+00
2.041666666666666519e+00,2.000000000000000111e-01,2.078407085789296671e-01,1.000262852470290786e+00
2.062500000000000000e+00,2.000000000000000111e-01,2.088223367260793883e-01,1.000266450460343792e+00
2.083333333333333481e+00,2.000000000000000111e-01,2.109327096632508391e-01,1.000270585891370079e+00
2.104166666666666519e+00,2.000000000000000111e-01,2.125261844016399226e-01,1.000275398104418345e+00
2.125000000000000000e+00,2.000000000000000111e-01,2.115321466760612390e-01,1.000281390729380382e+00
2.145833333333333481e+00,2.000000000000000111e-01,2.092971960764569428e-01,1.000288769773668873e+00
2.166666666666666519e+00,2.000000000000000111e-01,2.081610591843882363e-01,1.000297043755006721e+00
2.187500000000000000e+00,2.000000000000000111e-01,2.069527902096309491e-01,1.000304919229969780e+00
2.208333333333333481e+00,2.000000000000000111e-01,2.037832222076119970e-01,1.000312563061904747e+00
2.229166666666666519e+00,2.000000000000000111e-01,2.000784698832516195e-01,1.000320067629606680e+00
2.250000000000000000e+00,2.000000000000000111e-01,1.981749491986792844e-01,1.000327734573692950e+00
2.270833333333333481e+00,2.000000000000000111e-01,1.968441306325384721e-01,1.000335979137229936e+00
2.291666666666666519e+00,2.000000000000000111e-01,1.937489591357610119e-01,1.000344223707056113e+00
2.312500000000000000e+00,2.000000000000000111e-01,1.901180668168835630e-01,1.000351623146974012e+00
2.333333333333333481e+00,2.000000000000000111e-01,1.882872290390873171e-01,1.000358838907048353e+00
2.354166666666666519e+00,2.000000000000000111e-01,1.870283044151772045e-01,1.000366619570554949e+00
2.375000000000000000e+00,2.000000000000000111e-01,1.840044438639200086e-01,1.000374320485877933e+00
2.395833333333333481e+00,2.000000000000000111e-01,1.804441452515444799e-01,1.000380944003346428e+00
2.416666666666666519e+00,2.000000000000000111e-01,1.786827938354138279e-01,1.000387325400907246e+00
2.437500000000000000e+00,2.000000000000000111e-01,1.775418688904194797e-01,1.000393548858216963e+00
2.458333333333333481e+00,2.000000000000000111e-01,1.750756644453969335e-01,1.000399667392846581e+00
2.479166666666666519e+00,2.000000000000000111e-01,1.726837504396754597e-01,1.000405671508478145e+00
2.500000000000000000e+00,2.000000000000000111e-01,1.727013649394103789e-01,1.000412388387511564e+00
2.520833333333333481e+00,2.000000000000000111e-01,1.738983219274329584e-01,1.000420447589593920e+00
2.541666666666666519e+00,2.000000000000000111e-01,1.739348751096099488e-01,1.000429398699034911e+00
2.562500000000000000e+00,2.000000000000000111e-01,1.740384370722131979e-01,1.000438678474981025e+00
2.583333333333333481e+00,2.000000000000000111e-01,1.765449687464990536e-01,1.000448311243985922e+00
2.604166666666666519e+00,2.000000000000000111e-01,1.802235968462878035e-01,1.000457976386274206e+00
2.625000000000000000e+00,2.000000000000000111e-01,1.827355549239901011e-01,1.000467647833211737e+00
2.645833333333333481e+00,2.000000000000000111e-01,1.852582250838448186e-01,1.000476524306439075e+00
2.666666666666666519e+00,2.000000000000000111e-01,1.897394463552162791e-01,1.000484533166063006e+00
2.687500000000000000e+00,2.000000000000000111e-01,1.947778244459509589e-01,1.000491464186866741e+00
2.708333333333333481e+00,2.000000000000000111e-01,1.980378427095290383e-01,1.000497990008359706e+00
2.729166666666666519e+00,2.000000000000000111e-01,2.007473591436787774e-01,1.000504947012659906e+00
2.750000000000000000e+00,2.000000000000000111e-01,2.052426140850723280e-01,1.000511438059666025e+00
2.770833333333333481e+00,2.000000000000000111e-01,2.102951980402045506e-01,1.000516181760631396e+00
2.791666666666666519e+00,2.000000000000000111e-01,2.135707705045096494e-01,1.000520244642104650e+00
2.812500000000000000e+00,2.000000000000000111e-01,2.162037472515039027e-01,1.000523442181436184e+00
2.833333333333333481e+00,2.000000000000000111e-01,2.198052772208376471e-01,1.000526204353770154e+00
2.854166666666666519e+00,2.000000000000000111e-01,2.228275394135571796e-01,1.000529179915309319e+00
2.875000000000000000e+00,2.000000000000000111e-01,2.229363393447015007e-01,1.000533568978176691e+00
2.895833333333333481e+00,2.000000000000000111e-01,2.213635205098816172e-01,1.000540035822518492e+00
2.916666666666666519e+00,2.000000000000000111e-01,2.204507244880132555e-01,1.000547988577095149e+00
2.937500000000000000e+00,2.000000000000000111e-01,2.190863697342582683e-01,1.000555092059556950e+00
2.958333333333333481e+00,2.000000000000000111e-01,2.158451174747646473e-01,1.000562124126885832e+00
2.979166666666666519e+00,2.000000000000000111e-01,2.123571021731844588e-01,1.000569932203155155e+00
3.000000000000000000e+00,2.000000000000000111e-01,2.109588988819052491e-01,1.000578393799146149e+00
3.020833333333333481e+00,2.000000000000000111e-01,2.104206371367441375e-01,1.000587395501060017e+00
3.041666666666666519e+00,2.000000000000000111e-01,2.084041743635184629e-01,1.000596668638988218e+00
3.062500000000000000e+00,2.000000000000000111e-01,2.061375693586912361e-01,1.000605939421725710e+00
3.083333333333333481e+00,2.000000000000000111e-01,2.059570846800272415e-01,1.000615314671960965e+00
3.104166666666666519e+00,2.000000000000000111e-01,2.066331637885356898e-01,1.000624704661959630e+00
3.125000000000000000e+00,2.000000000000000111e-01,2.058280902353176733e-01,1.000634149803308004e+00
3.145833333333333481e+00,2.000000000000000111e-01,2.047697704349153991e-01,1.000643683896871305e+00
3.166666666666666519e+00,2.000000000000000111e-01,2.057944840850532975e-01,1.000653235653945261e+00
3.187500000000000000e+00,2.000000000000000111e-01,2.076725947781271342e-01,1.000662410257489476e+00
3.208333333333333481e+00,2.000000000000000111e-01,2.080668161330186949e-01,1.000671436247273949e+00
3.229166666666666519e+00,2.000000000000000111e-01,2.081856086412790796e-01,1.000680502523695559e+00
3.250000000000000000e+00,2.000000000000000111e-01,2.102117982362912696e-01,1.000689849809981657e+00
3.270833333333333481e+00,2.000000000000000111e-01,2.128480884574560916e-01,1.000698635915543866e+00
3.291666666666666519e+00,2.000000000000000111e-01,2.137591872893544465e-01,1.000707678934154465e+00
3.312500000000000000e+00,2.000000000000000111e-01,2.141734196153700920e-01,1.000719420566095419e+00
3.333333333333333481e+00,2.000000000000000111e-01,2.164267034782238197e-01,1.000731354313662003e+00
3.354166666666666519e+00,2.000000000000000111e-01,2.192954020146399841e-01,1.000743148183045550e+00
3.375000000000000000e+00,2.000000000000000111e-01,2.204422525236009178e-01,1.000756623599624584e+00
3.395833333333333481e+00,2.000000000000000111e-01,2.210347231679494207e-01,1.000770282037650727e+00
3.416666666666666519e+00,2.000000000000000111e-01,2.229208639573300177e-01,1.000784251539733605e+00
3.437500000000000000e+00,2.000000000000000111e-01,2.246611405068444922e-01,1.000798521725752899e+00
3.458333333333333481e+00,2.000000000000000111e-01,2.239235101449209009e-01,1.000813830860687981e+00
3.479166666666666519e+00,2.000000000000000111e-01,2.219352194598375461e-01,1.000830579049300617e+00
3.500000000000000000e+00,2.000000000000000111e-01,2.210323567204946493e-01,1.000847961343786841e+00
3.520833333333333481e+00,2.000000000000000111e-01,2.199881921191284007e-01,1.000864870168857834e+00
3.541666666666666519e+00,2.000000000000000111e-01,2.164727992554354996e-01,1.000881630913207809e+00
3.562500000000000000e+00,2.000000000000000111e-01,2.117157512835871891e-01,1.000897189846521762e+00
3.583333333333333481e+00,2.000000000000000111e-01,2.080521031556641365e-01,1.000911832738799134e+00
3.604166666666666519e+00,2.000000000000000111e-01,2.044415636099401190e-01,1.000924049579613895e+00
3.625000000000000000e+00,2.000000000000000111e-01,1.999756611524090566e-01,1.000935624164749349e+00
3.645833333333333481e+00,2.000000000000000111e-01,1.963326056795908769e-01,1.000946613926493756e+00
3.666666666666666519e+00,2.000000000000000111e-01,1.943627223101709878e-01,1.000958771806953473e+00
3.687500000000000000e+00,2.000000000000000111e-01,1.924289807135993180e-01,1.000970949910291896e+00
3.708333333333333481e+00,2.000000000000000111e-01,1.899629737726130640e-01,1.000983906838207593e+00
3.729166666666666519e+00,2.000000000000000111e-01,1.885966074314262275e-01,1.000997760695780503e+00
3.750000000000000000e+00,2.000000000000000111e-01,1.876746152019863334e-01,1.001011825288365964e+00
3.770833333333333481e+00,2.000000000000000111e-01,1.855510858527091855e-01,1.001026970289447870e+00
3.791666666666666519e+00,2.000000000000000111e-01,1.836438220258229115e-01,1.001042513827488323e+00
3.812500000000000000e+00,2.000000000000000111e-01,1.842740739023295271e-01,1.001058027096038527e+00
3.833333333333333481e+00,2.000000000000000111e-01,1.861833359712794789e-01,1.001074188656306818e+00
3.854166666666666519e+00,2.000000000000000111e-01,1.869994680758630956e-01,1.001089116173544014e+00
3.875000000000000000e+00,2.000000000000000111e-01,1.879143127852208051e-01,1.001103856616031296e+00
3.895833333333333481e+00,2.000000000000000111e-01,1.910736441540052122e-01,1.001117951538900153e+00
3.916666666666666519e+00,2.000000000000000111e-01,1.951753037333209817e-01,1.001133042171014065e+00
3.937500000000000000e+00,2.000000000000000111e-01,1.978365182327438132e-01,1.001150641848977285e+00
3.958333333333333481e+00,2.000000000000000111e-01,2.002249138002986928e-01,1.001168176089273443e+00
3.979166666666666519e+00,2.000000000000000111e-01,2.041077282520053771e-01,1.001186931759161292e+00
4.000000000000000000e+00,0.000000000000000000e+00,2.080284921447646818e-01,1.001197095041908680e+00
4.020833333333333037e+00,0.000000000000000000e+00,2.092803254160396365e-01,1.001202225940863721e+00
4.041666666666666963e+00,0.000000000000000000e+00,2.055422074491864426e-01,1.001217069959088102e+00
4.062500000000000000e+00,0.000000000000000000e+00,1.978195553440149079e-01,1.001246957119178216e+00
4.083333333333333037e+00,0.000000000000000000e+00,1.883703409189907974e-01,1.001295649798440657e+00
4.104166666666666963e+00,0.000000000000000000e+00,1.762447965159284202e-01,1.001353452349792006e+00
4.125000000000000000e+00,0.000000000000000000e+00,1.600651610929372248e-01,1.001418388612927535e+00
4.145833333333333037e+00,0.000000000000000000e+00,1.416691493862322349e-01,1.001487257020442057e+00
4.166666666666666963e+00,0.000000000000000000e+00,1.234493220477961978e-01,1.001549059753602755e+00
4.187500000000000000e+00,0.000000000000000000e+00,1.048108367493938708e-01,1.001604750520116438e+00
4.208333333333333037e+00,0.000000000000000000e+00,8.559269801437091596e-02,1.001647914809540962e+00
4.229166666666666963e+00,0.000000000000000000e+00,6.744248195061743056e-02,1.001680809873420230e+00
4.250000000000000000e+00,0.000000000000000000e+00,5.072549220831364114e-02,1.001710628406322856e+00
4.270833333333333037e+00,0.000000000000000000e+00,3.373193439881950334e-02,1.001729875542751724e+00
4.291666666666666963e+00,0.000000000000000000e+00,1.748311266751525345e-02,1.001741509612710468e+00
4.312500000000000000e+00,0.000000000000000000e+00,4.284465713819485613e-03,1.001745489465873051e+00
4.333333333333333037e+00,0.000000000000000000e+00,-7.286207658073895130e-03,1.001750364130528093e+00
4.354166666666666963e+00,0.000000000000000000e+00,-1.955382761975228353e-02,1.001749284357350556e+00
4.375000000000000000e+00,0.000000000000000000e+00,-3.147312682431834679e-02,1.001744887341011747e+00
4.395833333333333037e+00,0.000000000000000000e+00,-4.062883779304614362e-02,1.001739869309246744e+00
4.416666666666666963e+00,0.000000000000000000e+00,-4.759717913514388554e-02,1.001738158258534517e+00
4.437500000000000000e+00,0.000000000000000000e+00,-5.442794857127104813e-02,1.001746926340539634e+00
4.458333333333333037e+00,0.000000000000000000e+00,-5.978912714598608874e-02,1.001757423578633066e+00
4.479166666666666963e+00,0.000000000000000000e+00,-6.137302304296630984e-02,1.001775798217459768e+00
4.500000000000000000e+00,0.000000000000000000e+00,-6.030790904663374530e-02,1.001799878684979328e+00
4.520833333333333037e+00,0.000000000000000000e+00,-5.888903023145938831e-02,1.001831879927588265e+00
4.541666666666666963e+00,0.000000000000000000e+00,-5.605456093128493439e-02,1.001866973269214922e+00
4.562500000000000000e+00,0.000000000000000000e+00,-5.141951995946791171e-02,1.001903153199953822e+00
4.583333333333333037e+00,0.000000000000000000e+00,-4.673392534691950262e-02,1.001944677970030062e+00
4.604166666666666963e+00,0.000000000000000000e+00,-4.201014491281460095e-02,1.001983955175603125e+00
4.625000000000000000e+00,0.000000000000000000e+00,-3.542857255186926402e-02,1.002025304292065710e+00
4.645833333333333037e+00,0.000000000000000000e+00,-2.817373479170415945e-02,1.002063001865907577e+00
4.666666666666666963e+00,0.000000000000000000e+00,-2.245958607603558074e-02,1.002101361996899698e+00
4.687500000000000000e+00,0.000000000000000000e+00,-1.704594589535187929e-02,1.002140432599294861e+00
4.708333333333333037e+00,0.000000000000000000e+00,-9.887985453177570300e-03,1.002175184369271665e+00
4.729166666666666963e+00,0.000000000000000000e+00,-2.290106348532960825e-03,1.002210514388809370e+00
4.750000000000000000e+00,0.000000000000000000e+00,3.306377696027010434e-03,1.002241792521563868e+00
4.770833333333333037e+00,0.000000000000000000e+00,8.112621728080578881e-03,1.002274340907782779e+00
4.791666666666666963e+00,0.000000000000000000e+00,1.401792661478043142e-02,1.002303884530218125e+00
4.812500000000000000e+00,0.000000000000000000e+00,1.965196391646691770e-02,1.002333683939160114e+00
4.833333333333333037e+00,0.000000000000000000e+00,2.253835205196830227e-02,1.002367880671372280e+00
4.854166666666666963e+00,0.000000000000000000e+00,2.378581338057629210e-02,1.002401751920108719e+00
4.875000000000000000e+00,0.000000000000000000e+00,2.562027528601728762e-02,1.002439255882765501e+00
4.895833333333333037e+00,0.000000000000000000e+00,2.670628430513547966e-02,1.002471914032251776e+00
4.916666666666666963e+00,0.000000000000000000e+00,2.479935890706033708e-02,1.002506148345553072e+00
4.937500000000000000e+00,0.000000000000000000e+00,2.109612787689623195e-02,1.002538035443481412e+00
4.958333333333333037e+00,0.000000000000000000e+00,1.795045450508031201e-02,1.002569862997202632e+00
4.979166666666666963e+00,0.000000000000000000e+00,1.491518497712601699e-02,1.002605275594692147e+00
5.000000000000000000e+00,0.000000000000000000e+00,1.051991918348807106e-02,1.002638126480103864e+00
5.020833333333333037e+00,0.000000000000000000e+00,6.165023261630054804e-03,1.002674496617487865e+00
5.041666666666666963e+00,0.000000000000000000e+00,4.090546290737356525e-03,1.002709594942509996e+00
5.062500000000000000e+00,0.000000000000000000e+00,2.982358442270181473e-03,1.002747525811162665e+00
5.083333333333333037e+00,0.000000000000000000e+00,4.103705409521985793e-04,1.002785337265421406e+00
5.104166666666666963e+00,0.000000000000000000e+00,-2.430423845292424730e-03,1.002822507197403734e+00
5.125000000000000000e+00,0.000000000000000000e+00,-3.265101061147948104e-03,1.002864975993755570e+00
5.145833333333333037e+00,0.000000000000000000e+00,-3.257857758358473962e-03,1.002903798072785291e+00
5.166666666666666963e+00,0.000000000000000000e+00,-4.728725327516803204e-03,1.002941562469549019e+00
5.187500000000000000e+00,0.000000000000000000e+00,-6.420431952103141000e-03,1.002975657607064530e+00
5.208333333333333037e+00,0.000000000000000000e+00,-5.981071986363636732e-03,1.003010377334254244e+00
5.229166666666666963e+00,0.000000000000000000e+00,-4.565002299115988350e-03,1.003048094544553237e+00
5.250000000000000000e+00,0.000000000000000000e+00,-4.407177767202400537e-03,1.003085314773294101e+00
5.270833333333333037e+00,0.000000000000000000e+00,-4.193994053501977522e-03,1.003126577613981496e+00
5.291666666666666963e+00,0.000000000000000000e+00,-1.623018398105155989e-03,1.003164957184737860e+00
5.312500000000000000e+00,0.000000000000000000e+00,2.113351570125421557e-03,1.003204085833738324e+00
5.333333333333333037e+00,0.000000000000000000e+00,4.711488714158863778e-03,1.003239662210774208e+00
5.354166666666666963e+00,0.000000000000000000e+00,6.923124388315827528e-03,1.003275152185236330e+00
5.375000000000000000e+00,0.000000000000000000e+00,1.015353914246932762e-02,1.003313421779447046e+00
5.395833333333333037e+00,0.000000000000000000e+00,1.280112748236687283e-02,1.003349343906279723e+00
5.416666666666666963e+00,0.000000000000000000e+00,1.260781747726713586e-02,1.003388873465034914e+00
5.437500000000000000e+00,0.000000000000000000e+00,1.074872710807216365e-02,1.003426613893942942e+00
5.458333333333333037e+00,0.000000000000000000e+00,9.561122262032227537e-03,1.003463548692173690e+00
5.479166666666666963e+00,0.000000000000000000e+00,8.189634285741270378e-03,1.003495521728367423e+00
5.500000000000000000e+00,0.000000000000000000e+00,5.531535044879704738e-03,1.003527197490007961e+00
5.520833333333333037e+00,0.000000000000000000e+00,3.230858810046452305e-03,1.003563089006822340e+00
5.541666666666666963e+00,0.000000000000000000e+00,2.620112795636389200e-03,1.003597713893290555e+00
5.562500000000000000e+00,0.000000000000000000e+00,2.083366288683274458e-03,1.003635754820844550e+00
5.583333333333333037e+00,0.000000000000000000e+00,-6.475215438667158464e-04,1.003671828951137268e+00
5.604166666666666963e+00,0.000000000000000000e+00,-4.326644249434103730e-03,1.003709258556704231e+00
5.625000000000000000e+00,0.000000000000000000e+00,-6.689612013230684939e-03,1.003744373715472316e+00
5.645833333333333037e+00,0.000000000000000000e+00,-8.870501025389226565e-03,1.003775959659512385e+00
5.666666666666666963e+00,0.000000000000000000e+00,-1.181609761462802319e-02,1.003811983149206055e+00
5.687500000000000000e+00,0.000000000000000000e+00,-1.392880597195941296e-02,1.003842947768248228e+00
5.708333333333333037e+00,0.000000000000000000e+00,-1.423861507680426741e-02,1.003876113777327106e+00
5.729166666666666963e+00,0.000000000000000000e+00,-1.446609977585656438e-02,1.003906153932965672e+00
5.750000000000000000e+00,0.000000000000000000e+00,-1.564902980481774550e-02,1.003938102350500072e+00
5.770833333333333037e+00,0.000000000000000000e+00,-1.619688718772761826e-02,1.003969432812900298e+00
5.791666666666666963e+00,0.000000000000000000e+00,-1.491244617288780931e-02,1.004001792866558107e+00
5.812500000000000000e+00,0.000000000000000000e+00,-1.352818180564207239e-02,1.004041558717442495e+00
5.833333333333333037e+00,0.000000000000000000e+00,-1.387238146194908622e-02,1.004079738801969546e+00
5.854166666666666963e+00,0.000000000000000000e+00,-1.450292711863797497e-02,1.004119964048547420e+00
5.875000000000000000e+00,0.000000000000000000e+00,-1.299074074041704427e-02,1.004158017489746868e+00
5.895833333333333037e+00,0.000000000000000000e+00,-1.050559080807758269e-02,1.004197383213175643e+00
5.916666666666666963e+00,0.000000000000000000e+00,-9.288878253757690620e-03,1.004237578261469199e+00
5.937500000000000000e+00,0.000000000000000000e+00,-8.035253599985582931e-03,1.004273107906957563e+00
5.958333333333333037e+00,0.000000000000000000e+00,-4.614712119312854716e-03,1.004311518657621249e+00
5.979166666666666963e+00,0.000000000000000000e+00,-2.886214391100047323e-04,1.004345214164765743e+00
